provider	fact	accessor	provenance	bearer	measured-this-session	notes
LISP-PLUS-SURFACE1 (Surface /1)	receipt identity (opaque native identity datum)	LISP-PLUS-SURFACE1:EXPANSION-RECEIPT-IDENTITY	receipt-stored	the native receipt record the inspector holds	yes -- read off a minted receipt; 3776 canonical octets	Source: surface1.lisp defstruct expansion-receipt slot IDENTITY, :read-only t. Domain segment reads ':receipt' inside 'lisp-plus-surface1'.
LISP-PLUS-SURFACE1 (Surface /1)	originating request identity	LISP-PLUS-SURFACE1:EXPANSION-RECEIPT-REQUEST-IDENTITY	receipt-stored	the native receipt record the inspector holds	yes -- accessor present and type-guarded	The REQUEST OBJECT itself is not reachable from a receipt; only its identity is.
LISP-PLUS-SURFACE1 (Surface /1)	occurrence object	LISP-PLUS-SURFACE1:EXPANSION-RECEIPT-OCCURRENCE	receipt-stored	the native receipt record the inspector holds	yes -- returned a native EXPANSION-OCCURRENCE	The receipt carries the occurrence by value.
LISP-PLUS-SURFACE1 (Surface /1)	occurrence identity	LISP-PLUS-SURFACE1:EXPANSION-RECEIPT-OCCURRENCE-IDENTITY	receipt-stored	the native receipt record the inspector holds	yes -- accessor present	Also independently readable as EXPANSION-OCCURRENCE-IDENTITY off the occurrence (occurrence-stored).
LISP-PLUS-SURFACE1 (Surface /1)	occurrence tag	LISP-PLUS-SURFACE1:EXPANSION-OCCURRENCE-OCCURRENCE-TAG (via EXPANSION-RECEIPT-OCCURRENCE)	occurrence-stored	the native occurrence record carried by the receipt	yes -- returned a CD/0 %IDENTIFIER-DATUM	NO receipt-level occurrence-tag accessor exists. The tag is reachable only through the occurrence. Any account projecting an occurrence tag from a receipt must route through the occurrence and say so.
LISP-PLUS-SURFACE1 (Surface /1)	source datum (the exact source term)	LISP-PLUS-SURFACE1:EXPANSION-RECEIPT-SOURCE-FORM-DATUM	receipt-stored	the native receipt record the inspector holds	yes -- returned a CD/0 %RECORD-DATUM	Stored as a CD/0 datum, not as a host tree.
LISP-PLUS-SURFACE1 (Surface /1)	source form identity	LISP-PLUS-SURFACE1:EXPANSION-RECEIPT-SOURCE-FORM-IDENTITY	receipt-stored	the native receipt record the inspector holds	yes -- accessor present	no additional observation
LISP-PLUS-SURFACE1 (Surface /1)	expanded datum	LISP-PLUS-SURFACE1:EXPANSION-RECEIPT-EXPANDED-FORM-DATUM	receipt-stored	the native receipt record the inspector holds	yes -- returned a CD/0 %RECORD-DATUM	Also occurrence-stored: EXPANSION-OCCURRENCE-EXPANDED-FORM-DATUM.
LISP-PLUS-SURFACE1 (Surface /1)	expanded form identity	LISP-PLUS-SURFACE1:EXPANSION-RECEIPT-EXPANDED-FORM-IDENTITY	receipt-stored	the native receipt record the inspector holds	yes -- accessor present	no additional observation
LISP-PLUS-SURFACE1 (Surface /1)	operation	LISP-PLUS-SURFACE1:EXPANSION-RECEIPT-OPERATION	receipt-stored	the native receipt record the inspector holds	yes -- measured :MACROEXPAND-1	Keyword.
LISP-PLUS-SURFACE1 (Surface /1)	construct identity (which head was expanded)	LISP-PLUS-SURFACE1:EXPANSION-RECEIPT-CONSTRUCT-IDENTITY	receipt-stored	the native receipt record the inspector holds	yes -- hex decodes to lisp-plus-surface1 / construct / derive-case	An opaque native identity. It is NOT a symbol and must not be reverse-engineered; the head NAME is not a receipt field.
LISP-PLUS-SURFACE1 (Surface /1)	expansion context	LISP-PLUS-SURFACE1:EXPANSION-RECEIPT-EXPANSION-CONTEXT	receipt-stored	the native receipt record the inspector holds	yes -- CD/0 %RECORD-DATUM	no additional observation
LISP-PLUS-SURFACE1 (Surface /1)	disposition	LISP-PLUS-SURFACE1:EXPANSION-RECEIPT-DISPOSITION	receipt-stored	the native receipt record the inspector holds	yes -- measured :MACROEXPANDED-ONE-STEP (a KEYWORD)	VALUE DOMAIN DIFFERS FROM SURFACE /2, which returns the STRING "expanded-once" from the same print-name.
LISP-PLUS-SURFACE1 (Surface /1)	grammar VERSION at mint time	LISP-PLUS-SURFACE1:EXPANSION-RECEIPT-GRAMMAR-VERSION	receipt-stored	the native receipt record the inspector holds	yes -- measured 4	Stored as a value.
LISP-PLUS-SURFACE1 (Surface /1)	procedure VERSION at mint time	LISP-PLUS-SURFACE1:EXPANSION-RECEIPT-PROCEDURE-VERSION	receipt-stored	the native receipt record the inspector holds	yes -- measured 4	TEETH: applying this accessor to NIL / 42 / a string raised SIMPLE-TYPE-ERROR, which is exactly what a genuinely receipt-stored field does.
LISP-PLUS-SURFACE1 (Surface /1)	policy VERSION at mint time	LISP-PLUS-SURFACE1:EXPANSION-RECEIPT-POLICY-VERSION	receipt-stored	the native receipt record the inspector holds	yes -- measured 1	no additional observation
LISP-PLUS-SURFACE1 (Surface /1)	grammar IDENTITY at mint time	(no accessor exists)	unavailable	no bearer -- no public accessor exists	yes -- absent from the 80 external symbols	NEITHER provider exposes a receipt-stored grammar identity. Only the grammar VERSION is stored.
LISP-PLUS-SURFACE1 (Surface /1)	procedure IDENTITY 'of the receipt'	LISP-PLUS-SURFACE1:EXPANSION-RECEIPT-PROCEDURE-IDENTITY	provider-current-declaration	the LIVE provider image at read time -- NOT any artifact	yes -- returned a value for NIL, 42 and "not-a-receipt"	THE TRAP. surface1.lisp:1073-1074 is (defun expansion-receipt-procedure-identity (r) (declare (ignore r)) (expansion-procedure-identity)). It IGNORES the receipt and reads the LIVE declaration. NEVER launder this into mint-time history.
LISP-PLUS-SURFACE1 (Surface /1)	policy IDENTITY 'of the receipt'	LISP-PLUS-SURFACE1:EXPANSION-RECEIPT-POLICY-IDENTITY	provider-current-declaration	the LIVE provider image at read time -- NOT any artifact	yes -- returned a value for NIL, 42 and "not-a-receipt"	THE TRAP. surface1.lisp:1075-1076, same shape. Live declaration, not receipt history.
LISP-PLUS-SURFACE1 (Surface /1)	live grammar identity	LISP-PLUS-SURFACE1:EXPANSION-GRAMMAR-IDENTITY	provider-current-declaration	the LIVE provider image at read time -- NOT any artifact	yes -- hex 4c5043440022...6c6973702d706c75732d7375726661636531...6772616d6d6172...7465726d...	Declaration domain 'lisp-plus-surface1'.
LISP-PLUS-SURFACE1 (Surface /1)	live procedure identity	LISP-PLUS-SURFACE1:EXPANSION-PROCEDURE-IDENTITY	provider-current-declaration	the LIVE provider image at read time -- NOT any artifact	yes -- 51 canonical octets	no additional observation
LISP-PLUS-SURFACE1 (Surface /1)	live policy identity	LISP-PLUS-SURFACE1:EXPANSION-POLICY-IDENTITY	provider-current-declaration	the LIVE provider image at read time -- NOT any artifact	yes -- policy segment 'candidate'	no additional observation
LISP-PLUS-SURFACE1 (Surface /1)	live grammar / procedure / policy versions	LISP-PLUS-SURFACE1:EXPANSION-{GRAMMAR,PROCEDURE,POLICY}-VERSION	provider-current-declaration	the LIVE provider image at read time -- NOT any artifact	yes -- measured 4 / 4 / 1	Matches the commission's stated expectation.
LISP-PLUS-SURFACE1 (Surface /1)	declared operations	LISP-PLUS-SURFACE1:EXPANSION-OPERATIONS	provider-current-declaration	the LIVE provider image at read time -- NOT any artifact	yes -- (:MACROEXPAND-1 :MACROEXPAND)	no additional observation
LISP-PLUS-SURFACE1 (Surface /1)	declared closed head set	LISP-PLUS-SURFACE1:KNOWN-SURFACE-CONSTRUCTS	provider-current-declaration	the LIVE provider image at read time -- NOT any artifact	yes -- 5 entries, all namespace LISP-PLUS-SURFACE0	DEFINE-JUDGMENT-SCHEMA, DEFINE-ADMISSION-CONTRACT, DEFINE-SLICE2-SCHEMA, DERIVE-CASE, DERIVE/2-CASE. Read via SURFACE-CONSTRUCT-ENTRY-NAME / -NAMESPACE / -IDENTITY.
LISP-PLUS-SURFACE1 (Surface /1)	refusal category	LISP-PLUS-SURFACE1:EXPANSION-REFUSAL-CATEGORY	refusal-record-stored	the native refusal record (a third native artifact; label first-class per Locked Ruling 5, originated as an R0 flag)	yes -- measured :PROTOCOL-REFUSAL	refusal-record-stored is first-class vocabulary per owner adjudication Locked Ruling 5 (originated as an R0 OUT-OF-VOCABULARY flag so it would not be laundered into receipt-stored). NOT reachable from a receipt: a refusal and a receipt are alternative outcomes.
LISP-PLUS-SURFACE1 (Surface /1)	refusal code	LISP-PLUS-SURFACE1:EXPANSION-REFUSAL-CODE	refusal-record-stored	the native refusal record (a third native artifact; label first-class per Locked Ruling 5, originated as an R0 flag)	yes -- measured :SOURCE-FORM-NOT-A-CALL	no additional observation
LISP-PLUS-SURFACE1 (Surface /1)	refusal phase / stage	LISP-PLUS-SURFACE1:EXPANSION-REFUSAL-PHASE	refusal-record-stored	the native refusal record (a third native artifact; label first-class per Locked Ruling 5, originated as an R0 flag)	yes -- measured :REQUEST	no additional observation
LISP-PLUS-SURFACE1 (Surface /1)	refusal detail	LISP-PLUS-SURFACE1:EXPANSION-REFUSAL-DETAIL	refusal-record-stored	the native refusal record (a third native artifact; label first-class per Locked Ruling 5, originated as an R0 flag)	yes -- measured "the source form is not a cons"	no additional observation
LISP-PLUS-SURFACE1 (Surface /1)	refusal identity	LISP-PLUS-SURFACE1:EXPANSION-REFUSAL-IDENTITY	refusal-record-stored	the native refusal record (a third native artifact; label first-class per Locked Ruling 5, originated as an R0 flag)	yes -- hex read; domain segment ':refusal'	no additional observation
LISP-PLUS-SURFACE1 (Surface /1)	UPSTREAM refusal category	LISP-PLUS-SURFACE1:EXPANSION-REFUSAL-UPSTREAM-CATEGORY	refusal-record-stored	the native refusal record (a third native artifact; label first-class per Locked Ruling 5, originated as an R0 flag)	yes -- accessor exists; measured NIL on a native protocol refusal	SURFACE /1 ONLY. No Surface /2 counterpart exists. Populated only when S1 reclassifies a CD/0 refusal (source comment: 'an ADDED READING, never an overwrite').
LISP-PLUS-SURFACE1 (Surface /1)	UPSTREAM refusal code	LISP-PLUS-SURFACE1:EXPANSION-REFUSAL-UPSTREAM-CODE	refusal-record-stored	the native refusal record (a third native artifact; label first-class per Locked Ruling 5, originated as an R0 flag)	yes -- accessor exists; measured NIL on a native protocol refusal	SURFACE /1 ONLY.
LISP-PLUS-SURFACE1 (Surface /1)	UPSTREAM refusal stage	LISP-PLUS-SURFACE1:EXPANSION-REFUSAL-UPSTREAM-STAGE	refusal-record-stored	the native refusal record (a third native artifact; label first-class per Locked Ruling 5, originated as an R0 flag)	yes -- accessor exists; measured NIL on a native protocol refusal	SURFACE /1 ONLY.
LISP-PLUS-SURFACE1 (Surface /1)	refusal carried on a signalled condition	LISP-PLUS-SURFACE1:EXPANSION-CONDITION-REFUSAL	condition-stored-reference	the signalled condition, which bears the carrying relation to the retained refusal (Locked Ruling 5: the carrying relation is borne by the condition, not the refusal record)	yes -- a handler for LISP-PLUS-SURFACE1:EXPANSION-REFUSED yielded a refusal with code :SOURCE-FORM-NOT-A-CALL	Generic function. LISP-PLUS-SURFACE1:EXPANSION-REFUSED does NOT catch a Surface /2 refusal (measured). Label condition-stored-reference per owner adjudication Locked Ruling 5 (was OUT-OF-VOCABULARY:refusal-record-stored in R0).
LISP-PLUS-SURFACE1 (Surface /1)	verifier output	(no public verifier exists)	unavailable	no bearer -- no public accessor exists	yes -- VERIFY-RECEIPT absent from the 80 external symbols	CONFIRMS the commission: Surface /1 has no public receipt verifier. An account wanting one must derive its own check and must not call it verification of the provider's minting.
LISP-PLUS-SURFACE1 (Surface /1)	did the live procedure version move since minting?	compare EXPANSION-RECEIPT-PROCEDURE-VERSION against EXPANSION-PROCEDURE-VERSION	account-derived-check	computed by the account; no single native artifact bears it	yes -- both read 4 in this image	This is an ACCOUNT-DERIVED CHECK over one stored value and one live declaration. It is not a provider fact and the provider does not perform it.
LISP-PLUS-SURFACE1 (Surface /1)	is the receipt's operation a declared operation?	compare EXPANSION-RECEIPT-OPERATION against EXPANSION-OPERATIONS	account-derived-check	computed by the account; no single native artifact bears it	yes -- :MACROEXPAND-1 is a member of (:MACROEXPAND-1 :MACROEXPAND)	Account-derived. Consults a live declaration on the right-hand side.
LISP-PLUS-SURFACE1 (Surface /1)	is the expanded head a member of the Account /0 manifest?	compare EXPANSION-RECEIPT-CONSTRUCT-IDENTITY against an account-owned manifest identity	account-derived-check	computed by the account; no single native artifact bears it	not measured -- no account manifest exists yet	Would be account-owned authority. The construct identity is opaque and provider-minted; equality is the only licensed operation on it.
LISP-PLUS-SURFACE1 (Surface /1)	request identity (opaque native identity datum)	LISP-PLUS-SURFACE1:EXPANSION-REQUEST-IDENTITY	request-stored	the native request record (a fourth native artifact; label first-class per Locked Ruling 5, originated as an R0 flag)	enumerated as an external this session; value not printed in the final transcripts	Row added R0 post-review (ADVERSARY F3, entered by JURIST): the request is its own bearer. A request is not a receipt and not an occurrence; labelling a request-borne fact receipt-stored would assert a bearer that does not bear it -- the same argument as the refusal-record rows.
LISP-PLUS-SURFACE1 (Surface /1)	request construct identity (which head was keyed)	LISP-PLUS-SURFACE1:EXPANSION-REQUEST-CONSTRUCT-IDENTITY	request-stored	the native request record (a fourth native artifact; label first-class per Locked Ruling 5, originated as an R0 flag)	yes -- 'request construct-identity PRESENT (known head)' printed in all fourteen probe cases	Row added R0 post-review (ADVERSARY F3, entered by JURIST): the request is its own bearer. A request is not a receipt and not an occurrence; labelling a request-borne fact receipt-stored would assert a bearer that does not bear it -- the same argument as the refusal-record rows.
LISP-PLUS-SURFACE1 (Surface /1)	request grammar / procedure / policy VERSIONS at request time	LISP-PLUS-SURFACE1:EXPANSION-REQUEST-{GRAMMAR,PROCEDURE,POLICY}-VERSION	request-stored	the native request record (a fourth native artifact; label first-class per Locked Ruling 5, originated as an R0 flag)	yes -- printed in all fourteen probe cases (4/4/1); earlier final transcripts mislabelled these lines receipt-stored (probe label corrected post-review)	Row added R0 post-review (ADVERSARY F3, entered by JURIST): the request is its own bearer. A request is not a receipt and not an occurrence; labelling a request-borne fact receipt-stored would assert a bearer that does not bear it -- the same argument as the refusal-record rows.
LISP-PLUS-SURFACE1 (Surface /1)	request occurrence tag	LISP-PLUS-SURFACE1:EXPANSION-REQUEST-OCCURRENCE-TAG	request-stored	the native request record (a fourth native artifact; label first-class per Locked Ruling 5, originated as an R0 flag)	enumerated as an external this session; value not printed in the final transcripts	Row added R0 post-review (ADVERSARY F3, entered by JURIST): the request is its own bearer. A request is not a receipt and not an occurrence; labelling a request-borne fact receipt-stored would assert a bearer that does not bear it -- the same argument as the refusal-record rows.
LISP-PLUS-SURFACE1 (Surface /1)	request operation	LISP-PLUS-SURFACE1:EXPANSION-REQUEST-OPERATION	request-stored	the native request record (a fourth native artifact; label first-class per Locked Ruling 5, originated as an R0 flag)	enumerated as an external this session; value not printed in the final transcripts	Row added R0 post-review (ADVERSARY F3, entered by JURIST): the request is its own bearer. A request is not a receipt and not an occurrence; labelling a request-borne fact receipt-stored would assert a bearer that does not bear it -- the same argument as the refusal-record rows.
LISP-PLUS-SURFACE1 (Surface /1)	request source datum + source form identity	LISP-PLUS-SURFACE1:EXPANSION-REQUEST-SOURCE-FORM-{DATUM,IDENTITY}	request-stored	the native request record (a fourth native artifact; label first-class per Locked Ruling 5, originated as an R0 flag)	enumerated as an external this session; value not printed in the final transcripts	Row added R0 post-review (ADVERSARY F3, entered by JURIST): the request is its own bearer. A request is not a receipt and not an occurrence; labelling a request-borne fact receipt-stored would assert a bearer that does not bear it -- the same argument as the refusal-record rows.
LISP-PLUS-SURFACE2 (Surface /2)	receipt identity (opaque native identity datum)	LISP-PLUS-SURFACE2:EXPANSION-RECEIPT-IDENTITY	receipt-stored	the native receipt record the inspector holds	yes -- read off a minted receipt; 1792 canonical octets	DIFFERENT DOMAIN from Surface /1: the identity's inner segments read ':surface2-receipt' / ':surface2-occurrence' / ':surface2-request' inside 'lisp-plus-surface2', where S1 reads ':receipt' / ':occurrence' / ':request' inside 'lisp-plus-surface1'. The two native receipt identities inhabit different domains -- measured, not assumed.
LISP-PLUS-SURFACE2 (Surface /2)	originating request identity	LISP-PLUS-SURFACE2:EXPANSION-RECEIPT-REQUEST-IDENTITY	receipt-stored	the native receipt record the inspector holds	yes -- accessor present	no additional observation
LISP-PLUS-SURFACE2 (Surface /2)	occurrence object	LISP-PLUS-SURFACE2:EXPANSION-RECEIPT-OCCURRENCE	receipt-stored	the native receipt record the inspector holds	yes -- returned a native EXPANSION-OCCURRENCE	no additional observation
LISP-PLUS-SURFACE2 (Surface /2)	occurrence identity	LISP-PLUS-SURFACE2:EXPANSION-RECEIPT-OCCURRENCE-IDENTITY	receipt-stored	the native receipt record the inspector holds	yes -- accessor present	no additional observation
LISP-PLUS-SURFACE2 (Surface /2)	occurrence tag	LISP-PLUS-SURFACE2:EXPANSION-OCCURRENCE-OCCURRENCE-TAG (via EXPANSION-RECEIPT-OCCURRENCE)	occurrence-stored	the native occurrence record carried by the receipt	yes -- returned a CD/0 %IDENTIFIER-DATUM	Same shape as Surface /1: no receipt-level tag accessor.
LISP-PLUS-SURFACE2 (Surface /2)	source datum	LISP-PLUS-SURFACE2:EXPANSION-RECEIPT-SOURCE-FORM-DATUM	receipt-stored	the native receipt record the inspector holds	yes -- CD/0 %RECORD-DATUM	no additional observation
LISP-PLUS-SURFACE2 (Surface /2)	source form identity	LISP-PLUS-SURFACE2:EXPANSION-RECEIPT-SOURCE-FORM-IDENTITY	receipt-stored	the native receipt record the inspector holds	yes -- accessor present	no additional observation
LISP-PLUS-SURFACE2 (Surface /2)	expanded datum	LISP-PLUS-SURFACE2:EXPANSION-RECEIPT-EXPANDED-FORM-DATUM	receipt-stored	the native receipt record the inspector holds	yes -- CD/0 %RECORD-DATUM	no additional observation
LISP-PLUS-SURFACE2 (Surface /2)	expanded form identity	LISP-PLUS-SURFACE2:EXPANSION-RECEIPT-EXPANDED-FORM-IDENTITY	receipt-stored	the native receipt record the inspector holds	yes -- accessor present	no additional observation
LISP-PLUS-SURFACE2 (Surface /2)	operation	LISP-PLUS-SURFACE2:EXPANSION-RECEIPT-OPERATION	receipt-stored	the native receipt record the inspector holds	yes -- measured :MACROEXPAND-1	no additional observation
LISP-PLUS-SURFACE2 (Surface /2)	construct identity	LISP-PLUS-SURFACE2:EXPANSION-RECEIPT-CONSTRUCT-IDENTITY	receipt-stored	the native receipt record the inspector holds	yes -- accessor present	Opaque; domain 'lisp-plus-surface2'.
LISP-PLUS-SURFACE2 (Surface /2)	expansion context	LISP-PLUS-SURFACE2:EXPANSION-RECEIPT-EXPANSION-CONTEXT	receipt-stored	the native receipt record the inspector holds	yes -- CD/0 %RECORD-DATUM	no additional observation
LISP-PLUS-SURFACE2 (Surface /2)	disposition	LISP-PLUS-SURFACE2:EXPANSION-RECEIPT-DISPOSITION	receipt-stored	the native receipt record the inspector holds	yes -- measured the STRING "expanded-once"	VALUE DOMAIN DIFFERS FROM SURFACE /1, which returns the KEYWORD :MACROEXPANDED-ONE-STEP from the same print-name. A shared print-name whose value TYPE differs is the sharpest available refutation of shared identity.
LISP-PLUS-SURFACE2 (Surface /2)	grammar VERSION at mint time	LISP-PLUS-SURFACE2:EXPANSION-RECEIPT-GRAMMAR-VERSION	receipt-stored	the native receipt record the inspector holds	yes -- measured 3	no additional observation
LISP-PLUS-SURFACE2 (Surface /2)	procedure VERSION at mint time	LISP-PLUS-SURFACE2:EXPANSION-RECEIPT-PROCEDURE-VERSION	receipt-stored	the native receipt record the inspector holds	yes -- measured 3	TEETH: raised SIMPLE-TYPE-ERROR on NIL / 42 / a string.
LISP-PLUS-SURFACE2 (Surface /2)	policy VERSION at mint time	LISP-PLUS-SURFACE2:EXPANSION-RECEIPT-POLICY-VERSION	receipt-stored	the native receipt record the inspector holds	yes -- measured 1	no additional observation
LISP-PLUS-SURFACE2 (Surface /2)	grammar IDENTITY at mint time	(no accessor exists)	unavailable	no bearer -- no public accessor exists	yes -- absent from the 98 external symbols	Same absence as Surface /1.
LISP-PLUS-SURFACE2 (Surface /2)	procedure IDENTITY 'of the receipt'	LISP-PLUS-SURFACE2:EXPANSION-RECEIPT-PROCEDURE-IDENTITY	provider-current-declaration	the LIVE provider image at read time -- NOT any artifact	yes -- returned a value for NIL, 42 and "not-a-receipt"	THE TRAP. surface2.lisp:786-787 is (defun expansion-receipt-procedure-identity (r) (declare (ignore r)) (surface2-procedure-identity)). Live declaration, not receipt history.
LISP-PLUS-SURFACE2 (Surface /2)	policy IDENTITY 'of the receipt'	LISP-PLUS-SURFACE2:EXPANSION-RECEIPT-POLICY-IDENTITY	provider-current-declaration	the LIVE provider image at read time -- NOT any artifact	yes -- returned a value for NIL, 42 and "not-a-receipt"	THE TRAP. surface2.lisp:788-789, same shape.
LISP-PLUS-SURFACE2 (Surface /2)	live grammar identity	LISP-PLUS-SURFACE2:SURFACE2-GRAMMAR-IDENTITY	provider-current-declaration	the LIVE provider image at read time -- NOT any artifact	yes -- domain 'lisp-plus-surface2', segment 'term2'	NOTE the accessor NAME differs from Surface /1's: SURFACE2-GRAMMAR-IDENTITY vs EXPANSION-GRAMMAR-IDENTITY. The declaration readers are NOT among the 54 shared print-names.
LISP-PLUS-SURFACE2 (Surface /2)	live procedure identity	LISP-PLUS-SURFACE2:SURFACE2-PROCEDURE-IDENTITY	provider-current-declaration	the LIVE provider image at read time -- NOT any artifact	yes -- 51 canonical octets	no additional observation
LISP-PLUS-SURFACE2 (Surface /2)	live policy identity	LISP-PLUS-SURFACE2:SURFACE2-POLICY-IDENTITY	provider-current-declaration	the LIVE provider image at read time -- NOT any artifact	yes -- policy segment 'ceilings'	Segment differs from S1's 'candidate'.
LISP-PLUS-SURFACE2 (Surface /2)	live grammar / procedure / policy versions	LISP-PLUS-SURFACE2:SURFACE2-{GRAMMAR,PROCEDURE,POLICY}-VERSION	provider-current-declaration	the LIVE provider image at read time -- NOT any artifact	yes -- measured 3 / 3 / 1	Matches the commission's stated expectation.
LISP-PLUS-SURFACE2 (Surface /2)	declared operations	LISP-PLUS-SURFACE2:SURFACE2-EXPANSION-OPERATIONS	provider-current-declaration	the LIVE provider image at read time -- NOT any artifact	yes -- (:MACROEXPAND-1 :MACROEXPAND)	Same VALUE as Surface /1; different accessor name and different declaring package.
LISP-PLUS-SURFACE2 (Surface /2)	declared closed head set	LISP-PLUS-SURFACE2:KNOWN-SURFACE2-CONSTRUCTS	provider-current-declaration	the LIVE provider image at read time -- NOT any artifact	yes -- (("LISP-PLUS-SURFACE2" "WITH-OUTCOME") ("LISP-PLUS-SURFACE2" "MATCH-OUTCOME"))	SHAPE DIFFERS FROM SURFACE /1: S2 returns bare (namespace name) LISTS; S1 returns entry objects read with SURFACE-CONSTRUCT-ENTRY-*. S2 exports no construct-entry accessors at all.
LISP-PLUS-SURFACE2 (Surface /2)	refusal category / code / phase / detail / identity	LISP-PLUS-SURFACE2:EXPANSION-REFUSAL-{CATEGORY,CODE,PHASE,DETAIL,IDENTITY}	refusal-record-stored	the native refusal record (a third native artifact; label first-class per Locked Ruling 5, originated as an R0 flag)	yes -- measured :PROTOCOL-REFUSAL / :SOURCE-FORM-NOT-A-CALL / :REQUEST / "the source form is not a cons"	Same print-names and same measured values as Surface /1 on the corresponding refusal -- and still NOT the same symbols, the same struct type, or the same condition hierarchy.
LISP-PLUS-SURFACE2 (Surface /2)	UPSTREAM refusal category / code / stage	(no accessors exist)	unavailable	no bearer -- no public accessor exists	yes -- absent from the 98 external symbols; applying S1's UPSTREAM accessor to an S2 refusal raised TYPE-ERROR	CONFIRMS the commission: Surface /1 retains upstream refusal fields that Surface /2 does not. An account spanning both cannot project a total upstream column.
LISP-PLUS-SURFACE2 (Surface /2)	refusal carried on a signalled condition	LISP-PLUS-SURFACE2:EXPANSION-CONDITION-REFUSAL	condition-stored-reference	the signalled condition, which bears the carrying relation to the retained refusal (Locked Ruling 5: the carrying relation is borne by the condition, not the refusal record)	yes -- via a handler for LISP-PLUS-SURFACE2:SURFACE2-EXPANSION-REFUSED	Condition hierarchies are disjoint: (subtypep 'SURFACE2-EXPANSION-REFUSED 'LISP-PLUS-SURFACE1:EXPANSION-REFUSED) measured NIL, and an S1 handler did not catch an S2 refusal. SURFACE2-NOT-AN-OUTCOME measured a SUBTYPE of SURFACE2-EXPANSION-REFUSED. Label condition-stored-reference per owner adjudication Locked Ruling 5 (was OUT-OF-VOCABULARY:refusal-record-stored in R0).
LISP-PLUS-SURFACE2 (Surface /2)	verifier output	LISP-PLUS-SURFACE2:VERIFY-RECEIPT	provider-recomputation	the provider's bounded re-derivation from the receipt's stored datums	yes -- returned T on a native receipt; SIGNALLED SURFACE2-EXPANSION-REFUSED on a Surface /1 receipt	Authoritative standing per owner adjudication Locked Ruling 6: provider-recomputation -- bounded re-derivation of stored source-form and expanded-form identity projections from stored datums; independent of live grammar/procedure/policy declarations. Its continued T after redefinition (Control 6) demonstrates that declaration-independence. Only Surface /2 has a public verifier (confirms the commission). It is not authentication, not receipt-stored, and not an account-derived check.
LISP-PLUS-SURFACE2 (Surface /2)	seat-outcome projection	LISP-PLUS-SURFACE2:DERIVE-SEAT-OUTCOME and SEAT-OUTCOME-*	provider-derived-projection	the provider derives it from caller-supplied events; not an expansion artifact (label first-class per Locked Ruling 5)	yes -- SEAT-OUTCOME is the only exported struct CLASS NAME in either package	Surface /2 only. Outside the expansion-account domain proper; recorded so a future inspector does not mistake it for receipt content.
LISP-PLUS-SURFACE2 (Surface /2)	did the live procedure version move since minting?	compare EXPANSION-RECEIPT-PROCEDURE-VERSION against SURFACE2-PROCEDURE-VERSION	account-derived-check	computed by the account; no single native artifact bears it	yes -- both read 3 in this image	Account-derived. Note the right-hand accessor is NOT the same print-name as Surface /1's.
LISP-PLUS-SURFACE2 (Surface /2)	request identity (opaque native identity datum)	LISP-PLUS-SURFACE2:EXPANSION-REQUEST-IDENTITY	request-stored	the native request record (a fourth native artifact; label first-class per Locked Ruling 5, originated as an R0 flag)	enumerated as an external this session; value not printed in the final transcripts	Row added R0 post-review (ADVERSARY F3, entered by JURIST): the request is its own bearer. A request is not a receipt and not an occurrence; labelling a request-borne fact receipt-stored would assert a bearer that does not bear it -- the same argument as the refusal-record rows.
LISP-PLUS-SURFACE2 (Surface /2)	request construct identity (which head was keyed)	LISP-PLUS-SURFACE2:EXPANSION-REQUEST-CONSTRUCT-IDENTITY	request-stored	the native request record (a fourth native artifact; label first-class per Locked Ruling 5, originated as an R0 flag)	yes -- 'request construct-identity PRESENT (known head)' printed in all fourteen probe cases	Row added R0 post-review (ADVERSARY F3, entered by JURIST): the request is its own bearer. A request is not a receipt and not an occurrence; labelling a request-borne fact receipt-stored would assert a bearer that does not bear it -- the same argument as the refusal-record rows.
LISP-PLUS-SURFACE2 (Surface /2)	request grammar / procedure / policy VERSIONS at request time	LISP-PLUS-SURFACE2:EXPANSION-REQUEST-{GRAMMAR,PROCEDURE,POLICY}-VERSION	request-stored	the native request record (a fourth native artifact; label first-class per Locked Ruling 5, originated as an R0 flag)	yes -- printed in all fourteen probe cases (3/3/1); earlier final transcripts mislabelled these lines receipt-stored (probe label corrected post-review)	Row added R0 post-review (ADVERSARY F3, entered by JURIST): the request is its own bearer. A request is not a receipt and not an occurrence; labelling a request-borne fact receipt-stored would assert a bearer that does not bear it -- the same argument as the refusal-record rows.
LISP-PLUS-SURFACE2 (Surface /2)	request occurrence tag	LISP-PLUS-SURFACE2:EXPANSION-REQUEST-OCCURRENCE-TAG	request-stored	the native request record (a fourth native artifact; label first-class per Locked Ruling 5, originated as an R0 flag)	enumerated as an external this session; value not printed in the final transcripts	Row added R0 post-review (ADVERSARY F3, entered by JURIST): the request is its own bearer. A request is not a receipt and not an occurrence; labelling a request-borne fact receipt-stored would assert a bearer that does not bear it -- the same argument as the refusal-record rows.
LISP-PLUS-SURFACE2 (Surface /2)	request operation	LISP-PLUS-SURFACE2:EXPANSION-REQUEST-OPERATION	request-stored	the native request record (a fourth native artifact; label first-class per Locked Ruling 5, originated as an R0 flag)	enumerated as an external this session; value not printed in the final transcripts	Row added R0 post-review (ADVERSARY F3, entered by JURIST): the request is its own bearer. A request is not a receipt and not an occurrence; labelling a request-borne fact receipt-stored would assert a bearer that does not bear it -- the same argument as the refusal-record rows.
LISP-PLUS-SURFACE2 (Surface /2)	request source datum + source form identity	LISP-PLUS-SURFACE2:EXPANSION-REQUEST-SOURCE-FORM-{DATUM,IDENTITY}	request-stored	the native request record (a fourth native artifact; label first-class per Locked Ruling 5, originated as an R0 flag)	enumerated as an external this session; value not printed in the final transcripts	Row added R0 post-review (ADVERSARY F3, entered by JURIST): the request is its own bearer. A request is not a receipt and not an occurrence; labelling a request-borne fact receipt-stored would assert a bearer that does not bear it -- the same argument as the refusal-record rows.
BOTH (cross-provider)	is a shared print-name the same symbol?	(find-symbol in each package, then EQ)	account-derived-check	computed by the account; no single native artifact bears it	yes -- 0 of 54 shared print-names are EQ	MEASURED, not assumed. 54 shared print-names, zero shared symbol identity. No import, no inheritance.
BOTH (cross-provider)	does a foreign receipt read cleanly through the other provider's accessors?	(apply each shared one-argument reader to the other provider's object)	account-derived-check	computed by the account; no single native artifact bears it	yes -- 108 cross-applications attempted: 72 raised TYPE-ERROR, 26 were accepted without error (8 of those being predicates correctly returning NIL, 18 returning a substantive wrong value), 10 were not one-argument readers	THE HAZARD SET (9 distinct print-names silently accept a foreign object): EXPANSION-RECEIPT-PROCEDURE-IDENTITY, EXPANSION-RECEIPT-POLICY-IDENTITY (both return the READER's OWN live declaration for a FOREIGN receipt), the five REFUSAL-CATALOG-ENTRY-* untyped list accessors, IDENTITY-OCTETS and RENDER-IDENTITY-HEX (CD/0 delegates). An adapter that relies on type errors to catch provider mix-ups will not catch these nine.
BOTH (cross-provider)	can either provider's verifier authenticate the other's receipt?	LISP-PLUS-SURFACE2:VERIFY-RECEIPT on an S1 receipt	unavailable	no bearer -- no public accessor exists	yes -- it SIGNALLED SURFACE2-EXPANSION-REFUSED rather than returning a verdict	There is no cross-provider verification and none may be inferred. Surface /1 has no verifier at all.
BOTH (cross-provider)	a receipt-stored grammar identity, either provider	(no accessor exists in either package)	unavailable	no bearer -- no public accessor exists	yes -- absent from both external symbol sets	CONFIRMS the commission.
